Workbook

Sheet Brute Force
A1: Input Size (n) | B1: Trial 1 | C1: Trial 2 | D1: Trial 3 | E1: Trial 4 | F1: Trial 5 | G1: Trial 6 | H1: Trial 7 | I1: Trial 8 | J1: Trial 9 | K1: Trial 10 | L1: Mean | M1: Std Dev
A2: 1 | B2: 3.5762787e-06 | C2: 1.4781952e-05 | D2: 1.1920929e-06 | E2: 9.5367432e-07 | F2: 1.1920929e-06 | G2: 9.5367432e-07 | H2: 7.1525574e-07 | I2: 7.1525574e-07 | J2: 2.6226044e-06 | K2: 2.3841858e-06 | L2: =AVERAGE(B2:K2) | M2: =STDEV.S(B2:K2)
A3: 50 | B3: 0.0025959015 | C3: 0.0024192333 | D3: 0.0025334358 | E3: 0.0027608871 | F3: 0.0027894974 | G3: 0.0026760101 | H3: 0.0024194717 | I3: 0.0029096603 | J3: 0.0024921894 | K3: 0.002468586 | L3: =AVERAGE(B3:K3) | M3: =STDEV.S(B3:K3)
A4: 100 | B4: 0.010617256 | C4: 0.016313314 | D4: 0.0097045898 | E4: 0.0098390579 | F4: 0.009581089 | G4: 0.010374784 | H4: 0.010183811 | I4: 0.0098013878 | J4: 0.011811256 | K4: 0.0099298954 | L4: =AVERAGE(B4:K4) | M4: =STDEV.S(B4:K4)
A5: 200 | B5: 0.041052103 | C5: 0.038795233 | D5: 0.038297892 | E5: 0.041749001 | F5: 0.039183378 | G5: 0.03902483 | H5: 0.045988798 | I5: 0.041182756 | J5: 0.04018116 | K5: 0.039619684 | L5: =AVERAGE(B5:K5) | M5: =STDEV.S(B5:K5)
A6: 400 | B6: 0.16628885 | C6: 0.15527701 | D6: 0.16035914 | E6: 0.15531278 | F6: 0.15911794 | G6: 0.15217996 | H6: 0.16108799 | I6: 0.15274668 | J6: 0.16214395 | K6: 0.15497112 | L6: =AVERAGE(B6:K6) | M6: =STDEV.S(B6:K6)
A7: 800 | B7: 0.62373042 | C7: 0.62739611 | D7: 0.63902664 | E7: 0.6265378 | F7: 0.63286924 | G7: 0.63438487 | H7: 0.62999249 | I7: 0.62881184 | J7: 0.62704086 | K7: 0.64956546 | L7: =AVERAGE(B7:K7) | M7: =STDEV.S(B7:K7)
A8: 1500 | B8: 2.2252066 | C8: 2.2295117 | D8: 2.2387588 | E8: 2.2491527 | F8: 2.2504053 | G8: 2.228483 | H8: 2.3138266 | I8: 2.2729163 | J8: 2.2754912 | K8: 2.2669625 | L8: =AVERAGE(B8:K8) | M8: =STDEV.S(B8:K8)
A9: 2000 | B9: 3.9752312 | C9: 3.9723327 | D9: 3.9617991 | E9: 3.9690986 | F9: 3.973695 | G9: 3.9625044 | H9: 3.9827344 | I9: 4.0056837 | J9: 3.913739 | K9: 3.9683242 | L9: =AVERAGE(B9:K9) | M9: =STDEV.S(B9:K9)
A10: 3000 | B10: 8.8028355 | C10: 8.8946362 | D10: 8.7442029 | E10: 8.8084409 | F10: 8.7182074 | G10: 8.6599565 | H10: 8.9218662 | I10: 8.795485 | J10: 9.0559535 | K10: 8.8696618 | L10: =AVERAGE(B10:K10) | M10: =STDEV.S(B10:K10)

Sheet Divide and Conquer
A1: Input Size (n) | B1: Trial 1 | C1: Trial 2 | D1: Trial 3 | E1: Trial 4 | F1: Trial 5 | G1: Trial 6 | H1: Trial 7 | I1: Trial 8 | J1: Trial 9 | K1: Trial 10 | L1: Mean | M1: Std Dev
A2: 1 | B2: 3.3378601e-05 | C2: 3.2424927e-05 | D2: 6.4373016e-06 | E2: 5.4836273e-06 | F2: 5.4836273e-06 | G2: 5.2452087e-06 | H2: 4.529953e-06 | I2: 4.529953e-06 | J2: 2.4557114e-05 | K2: 1.4781952e-05 | L2: =AVERAGE(B2:K2) | M2: =STDEV.S(B2:K2)
A3: 50 | B3: 0.00038290024 | C3: 0.0003759861 | D3: 0.00034046173 | E3: 0.00037908554 | F3: 0.00045323372 | G3: 0.00045776367 | H3: 0.00045394897 | I3: 0.00030899048 | J3: 0.00032448769 | K3: 0.00037717819 | L3: =AVERAGE(B3:K3) | M3: =STDEV.S(B3:K3)
A4: 100 | B4: 0.00067806244 | C4: 0.00070142746 | D4: 0.00064373016 | E4: 0.00070405006 | F4: 0.00071001053 | G4: 0.00078964233 | H4: 0.00069785118 | I4: 0.00070142746 | J4: 0.00069260597 | K4: 0.00068807602 | L4: =AVERAGE(B4:K4) | M4: =STDEV.S(B4:K4)
A5: 200 | B5: 0.0014193058 | C5: 0.0013999939 | D5: 0.0013768673 | E5: 0.0014772415 | F5: 0.0013458729 | G5: 0.0013659 | H5: 0.001585722 | I5: 0.0013756752 | J5: 0.0014154911 | K5: 0.0014455318 | L5: =AVERAGE(B5:K5) | M5: =STDEV.S(B5:K5)
A6: 400 | B6: 0.0029625893 | C6: 0.003128767 | D6: 0.0030474663 | E6: 0.0029013157 | F6: 0.0028192997 | G6: 0.0029864311 | H6: 0.0029392242 | I6: 0.0029964447 | J6: 0.0030119419 | K6: 0.0029244423 | L6: =AVERAGE(B6:K6) | M6: =STDEV.S(B6:K6)
A7: 800 | B7: 0.0066840649 | C7: 0.0070879459 | D7: 0.0063838959 | E7: 0.0064322948 | F7: 0.01158452 | G7: 0.0062758923 | H7: 0.009986639 | I7: 0.0067694187 | J7: 0.0066013336 | K7: 0.0064971447 | L7: =AVERAGE(B7:K7) | M7: =STDEV.S(B7:K7)
A8: 1500 | B8: 0.012412071 | C8: 0.012372971 | D8: 0.012508869 | E8: 0.01244688 | F8: 0.012603521 | G8: 0.012212276 | H8: 0.012720585 | I8: 0.012331009 | J8: 0.012735367 | K8: 0.012864828 | L8: =AVERAGE(B8:K8) | M8: =STDEV.S(B8:K8)
A9: 2000 | B9: 0.01806426 | C9: 0.015509605 | D9: 0.018924952 | E9: 0.019921303 | F9: 0.017017841 | G9: 0.019836903 | H9: 0.017356157 | I9: 0.016797543 | J9: 0.017780066 | K9: 0.016320467 | L9: =AVERAGE(B9:K9) | M9: =STDEV.S(B9:K9)
A10: 3000 | B10: 0.029085159 | C10: 0.027300358 | D10: 0.026570797 | E10: 0.026120663 | F10: 0.02603817 | G10: 0.026057959 | H10: 0.026834249 | I10: 0.028333664 | J10: 0.027173758 | K10: 0.027784824 | L10: =AVERAGE(B10:K10) | M10: =STDEV.S(B10:K10)

Sheet Summary
A1: Input Size (n) | B1: Brute Force Mean (s) | C1: Brute Force Std Dev (s) | D1: D&C Mean (s) | E1: D&C Std Dev (s) | F1: Speedup Factor
A2: 1 | B2: ='Brute Force'!L2 | C2: ='Brute Force'!M2 | D2: ='Divide and Conquer'!L2 | E2: ='Divide and Conquer'!M2 | F2: =B2/D2
A3: 50 | B3: ='Brute Force'!L3 | C3: ='Brute Force'!M3 | D3: ='Divide and Conquer'!L3 | E3: ='Divide and Conquer'!M3 | F3: =B3/D3
A4: 100 | B4: ='Brute Force'!L4 | C4: ='Brute Force'!M4 | D4: ='Divide and Conquer'!L4 | E4: ='Divide and Conquer'!M4 | F4: =B4/D4
A5: 200 | B5: ='Brute Force'!L5 | C5: ='Brute Force'!M5 | D5: ='Divide and Conquer'!L5 | E5: ='Divide and Conquer'!M5 | F5: =B5/D5
A6: 400 | B6: ='Brute Force'!L6 | C6: ='Brute Force'!M6 | D6: ='Divide and Conquer'!L6 | E6: ='Divide and Conquer'!M6 | F6: =B6/D6
A7: 800 | B7: ='Brute Force'!L7 | C7: ='Brute Force'!M7 | D7: ='Divide and Conquer'!L7 | E7: ='Divide and Conquer'!M7 | F7: =B7/D7
A8: 1500 | B8: ='Brute Force'!L8 | C8: ='Brute Force'!M8 | D8: ='Divide and Conquer'!L8 | E8: ='Divide and Conquer'!M8 | F8: =B8/D8
A9: 2000 | B9: ='Brute Force'!L9 | C9: ='Brute Force'!M9 | D9: ='Divide and Conquer'!L9 | E9: ='Divide and Conquer'!M9 | F9: =B9/D9
A10: 3000 | B10: ='Brute Force'!L10 | C10: ='Brute Force'!M10 | D10: ='Divide and Conquer'!L10 | E10: ='Divide and Conquer'!M10 | F10: =B10/D10
